nhll0256.bio-dub.ea.com,10.74.201.25,159.153.59.145,prod
nhll0257.bio-dub.ea.com,10.74.201.26,159.153.59.146,prod
nhll0258.bio-dub.ea.com,10.74.201.27,159.153.59.147,prod
nhll0259.bio-dub.ea.com,10.74.201.28,159.153.59.148,prod
nhll0260.bio-dub.ea.com,10.74.201.29,159.153.59.149,prod
nhll0261.bio-dub.ea.com,10.74.201.30,159.153.59.150,prod
nhll0262.bio-dub.ea.com,10.74.201.31,159.153.59.151,prod
nhll0263.bio-dub.ea.com,10.74.201.32,159.153.59.152,prod
nhll0264.bio-dub.ea.com,10.74.201.33,159.153.59.153,prod
nhll0265.bio-dub.ea.com,10.74.201.34,159.153.59.154,prod
nhll0267.bio-dub.ea.com,10.74.201.36,159.153.59.156,prod
nhll0268.bio-dub.ea.com,10.74.201.37,159.153.59.157,prod
nhll0269.bio-dub.ea.com,10.74.201.38,159.153.59.158,prod
nhll0270.bio-dub.ea.com,10.74.201.39,159.153.59.252,prod
nhll0271.bio-dub.ea.com,10.74.201.40,159.153.59.253,prod
nhll0272.bio-dub.ea.com,10.74.201.41,159.153.59.254,prod
nhll0273.bio-sjc.ea.com,10.73.168.145,159.153.126.151,prod
nhll0274.bio-sjc.ea.com,10.73.168.146,159.153.126.152,prod
nhll0275.bio-sjc.ea.com,10.73.168.147,159.153.126.153,prod
nhll0285.bio-iad.ea.com,10.73.168.213,159.153.95.215,prod
nhll0286.bio-iad.ea.com,10.73.168.214,159.153.95.216,prod
nhll0287.bio-iad.ea.com,10.73.168.215,159.153.95.217,prod
nhll0288.bio-iad.ea.com,10.73.168.217,159.153.95.219,prod
nhll0289.bio-iad.ea.com,10.73.168.216,159.153.95.218,prod
nhll0290.bio-iad.ea.com,10.73.168.218,159.153.95.220,prod
nhll0279.bio-dub.ea.com,10.74.168.141,159.153.76.146,prod
nhll0280.bio-dub.ea.com,10.74.168.142,159.153.76.147,prod
nhll0281.bio-dub.ea.com,10.74.168.143,159.153.76.148,prod
nhll0276.bio-sjc.ea.com,10.73.168.148,159.153.126.154,prod
nhll0277.bio-sjc.ea.com,10.73.168.149,159.153.126.155,prod
nhll0278.bio-sjc.ea.com,10.73.168.150,159.153.126.156,prod
nhll0291.bio-iad.ea.com,10.72.168.219,159.153.95.221,prod
nhll0292.bio-iad.ea.com,10.72.168.220,159.153.95.222,prod
nhll0293.bio-iad.ea.com,10.72.168.221,159.153.95.223,prod
nhll0294.bio-iad.ea.com,10.72.168.222,159.153.95.225,prod
nhll0295.bio-iad.ea.com,10.72.168.223,159.153.95.224,prod
nhll0296.bio-iad.ea.com,10.72.168.224,159.153.95.226,prod
nhll0282.bio-dub.ea.com,10.74.168.144,159.153.76.149,prod
nhll0283.bio-dub.ea.com,10.74.168.145,159.153.76.150,prod
nhll0284.bio-dub.ea.com,10.74.168.146,159.153.76.151,prod
