fifa20-gosprodfeapp0001.eu-central-1.ea.com,52.58.173.160,,prod
fifa20-gosprodfeapp0002.eu-central-1.ea.com,18.195.126.103,,prod
fifa20-gosprodfeapp0003.eu-central-1.ea.com,35.157.174.54,,prod
fifa20-gosprodfeapp0004.eu-central-1.ea.com,3.123.63.251,,prod
fifa20-gosprodfeapp0005.eu-central-1.ea.com,3.123.152.192,,prod
fifa20-gosprodfeapp0006.eu-central-1.ea.com,3.123.107.189,,prod
fifa20-gosprodfeapp0007.eu-central-1.ea.com,3.121.157.252,,prod
fifa20-gosprodfeapp0008.eu-central-1.ea.com,3.121.8.22,,prod
fifa20-gosprodfeapp0009.eu-central-1.ea.com,35.156.204.224,,prod
fifa20-gosprodfeapp0010.eu-central-1.ea.com,18.195.23.70,,prod
fifa20-gosprodfeapp0011.eu-central-1.ea.com,3.123.141.109,,prod
fifa20-gosprodfeapp0012.eu-central-1.ea.com,18.185.51.185,,prod
fifa20-gosprodfeapp0013.eu-central-1.ea.com,3.121.7.123,,prod
fifa20-gosprodfeapp0014.eu-central-1.ea.com,3.123.122.226,,prod
fifa20-gosprodfeapp0015.eu-central-1.ea.com,3.123.93.31,,prod
fifa20-gosprodfeapp0016.eu-central-1.ea.com,3.123.81.19,,prod
fifa20-gosprodfeapp0017.eu-central-1.ea.com,3.120.125.104,,prod
fifa20-gosprodfeapp0018.eu-central-1.ea.com,3.121.141.239,,prod
fifa20-gosprodfeapp0019.eu-central-1.ea.com,3.123.107.227,,prod
fifa20-gosprodfeapp0020.eu-central-1.ea.com,35.157.22.109,,prod
fifa20-gosprodfeapp0021.eu-central-1.ea.com,3.123.138.69,,prod
fifa20-gosprodfeapp0022.eu-central-1.ea.com,3.123.96.110,,prod
fifa20-gosprodfeapp0023.eu-central-1.ea.com,3.123.95.18,,prod
fifa20-gosprodfeapp0024.eu-central-1.ea.com,3.120.66.20,,prod
fifa20-gosprodfeapp0025.eu-central-1.ea.com,35.158.213.195,,prod
fifa20-gosprodfeapp0026.eu-central-1.ea.com,18.195.217.26,,prod
fifa20-gosprodfeapp0027.eu-central-1.ea.com,3.123.132.88,,prod
fifa20-gosprodfeapp0028.eu-central-1.ea.com,3.123.140.213,,prod
fifa20-gosprodfeapp0029.eu-central-1.ea.com,3.123.102.226,,prod
fifa20-gosprodfeapp0030.eu-central-1.ea.com,18.197.45.93,,prod
fifa20-gosprodfeapp0031.eu-central-1.ea.com,3.123.149.16,,prod
fifa20-gosprodfeapp0032.eu-central-1.ea.com,3.123.60.87,,prod
fifa20-gosprodfeapp0033.eu-central-1.ea.com,3.123.114.0,,prod
fifa20-gosprodfeapp0034.eu-central-1.ea.com,3.123.65.185,,prod
fifa20-gosprodfeapp0035.eu-central-1.ea.com,3.123.126.70,,prod
fifa20-gosprodfeapp0036.eu-central-1.ea.com,3.123.89.81,,prod
fifa20-gosprodfeapp0037.eu-central-1.ea.com,35.158.249.64,,prod
fifa20-gosprodfeapp0038.eu-central-1.ea.com,3.123.51.114,,prod
fifa20-gosprodfeapp0039.eu-central-1.ea.com,3.121.135.163,,prod
fifa20-gosprodfeapp0040.eu-central-1.ea.com,3.123.131.8,,prod
fifa20-gosprodfeapp0041.eu-central-1.ea.com,3.122.220.52,,prod
fifa20-gosprodfeapp0042.eu-central-1.ea.com,3.123.94.198,,prod
fifa20-gosprodfeapp0043.eu-central-1.ea.com,3.121.46.23,,prod
fifa20-gosprodfeapp0044.eu-central-1.ea.com,52.28.90.184,,prod
fifa20-gosprodfeapp0045.eu-central-1.ea.com,3.120.66.163,,prod
fifa20-gosprodfeapp0046.eu-central-1.ea.com,35.156.53.232,,prod
fifa20-gosprodfeapp0047.eu-central-1.ea.com,35.157.83.132,,prod
fifa20-gosprodfeapp0048.eu-central-1.ea.com,3.123.74.159,,prod
fifa20-gosprodfeapp0049.eu-central-1.ea.com,18.194.167.247,,prod
fifa20-gosprodfeapp0050.eu-central-1.ea.com,52.58.75.218,,prod
fifa20-gosprodfeapp0051.eu-central-1.ea.com,3.123.54.212,,prod
fifa20-gosprodfeapp0052.eu-central-1.ea.com,3.123.46.91,,prod
fifa20-gosprodfeapp0053.eu-central-1.ea.com,3.120.1.229,,prod
fifa20-gosprodfeapp0054.eu-central-1.ea.com,3.121.37.195,,prod
fifa20-gosprodfeapp0055.eu-central-1.ea.com,18.195.247.84,,prod
fifa20-gosprodfeapp0056.eu-central-1.ea.com,18.185.250.215,,prod
fifa20-gosprodfeapp0057.eu-central-1.ea.com,3.123.94.187,,prod
fifa20-gosprodfeapp0058.eu-central-1.ea.com,52.58.130.100,,prod
fifa20-gosprodfeapp0059.eu-central-1.ea.com,3.121.10.16,,prod
fifa20-gosprodfeapp0060.eu-central-1.ea.com,3.122.222.176,,prod
fifa20-gosprodfeapp0061.eu-central-1.ea.com,3.123.121.175,,prod
fifa20-gosprodfeapp0062.eu-central-1.ea.com,3.123.93.12,,prod
fifa20-gosprodfeapp0063.eu-central-1.ea.com,18.196.50.117,,prod
fifa20-gosprodfeapp0064.eu-central-1.ea.com,52.28.85.122,,prod
fifa20-gosprodfeapp0065.eu-central-1.ea.com,3.123.137.223,,prod
fifa20-gosprodfeapp0066.eu-central-1.ea.com,54.93.165.231,,prod
fifa20-gosprodfeapp0067.eu-central-1.ea.com,3.123.149.52,,prod
fifa20-gosprodfeapp0068.eu-central-1.ea.com,3.122.43.0,,prod
fifa20-gosprodfeapp0069.eu-central-1.ea.com,3.123.126.135,,prod
fifa20-gosprodfeapp0070.eu-central-1.ea.com,3.123.145.108,,prod
fifa20-gosprodfeapp0071.eu-central-1.ea.com,54.93.205.163,,prod
fifa20-gosprodfeapp0072.eu-central-1.ea.com,18.194.68.114,,prod
fifa20-gosprodfeapp0073.eu-central-1.ea.com,18.194.73.233,,prod
fifa20-gosprodfeapp0074.eu-central-1.ea.com,35.156.254.250,,prod
fifa20-gosprodfeapp0075.eu-central-1.ea.com,3.123.134.167,,prod
fifa20-gosprodfeapp0076.eu-central-1.ea.com,3.123.102.100,,prod
fifa20-gosprodfeapp0077.eu-central-1.ea.com,3.120.164.251,,prod
fifa20-gosprodfeapp0078.eu-central-1.ea.com,18.184.94.79,,prod
fifa20-gosprodfeapp0079.eu-central-1.ea.com,35.157.240.134,,prod
fifa20-gosprodfeapp0080.eu-central-1.ea.com,35.157.8.104,,prod
fifa20-gosprodfeapp0081.eu-central-1.ea.com,18.194.67.56,,prod
fifa20-gosprodfeapp0082.eu-central-1.ea.com,18.185.193.70,,prod
fifa20-gosprodfeapp0083.eu-central-1.ea.com,3.123.144.197,,prod
fifa20-gosprodfeapp0084.eu-central-1.ea.com,3.123.92.14,,prod
fifa20-gosprodfeapp0085.eu-central-1.ea.com,3.123.120.139,,prod
fifa20-gosprodfeapp0086.eu-central-1.ea.com,3.123.83.37,,prod
fifa20-gosprodfeapp0087.eu-central-1.ea.com,3.123.47.21,,prod
fifa20-gosprodfeapp0088.eu-central-1.ea.com,3.123.75.92,,prod
fifa20-gosprodfeapp0089.eu-central-1.ea.com,3.123.84.2,,prod
fifa20-gosprodfeapp0090.eu-central-1.ea.com,3.123.152.136,,prod
fifa20-gosprodfeapp0091.eu-central-1.ea.com,3.120.7.7,,prod
fifa20-gosprodfeapp0092.eu-central-1.ea.com,52.58.68.91,,prod
fifa20-gosprodfeapp0093.eu-central-1.ea.com,3.123.144.35,,prod
fifa20-gosprodfeapp0094.eu-central-1.ea.com,3.123.93.193,,prod
fifa20-gosprodfeapp0095.eu-central-1.ea.com,3.121.24.13,,prod
fifa20-gosprodfeapp0096.eu-central-1.ea.com,3.122.201.61,,prod
fifa20-gosprodfeapp0097.eu-central-1.ea.com,35.157.75.193,,prod
fifa20-gosprodfeapp0098.eu-central-1.ea.com,35.158.64.95,,prod
fifa20-gosprodfeapp0099.eu-central-1.ea.com,3.123.97.7,,prod
fifa20-gosprodfeapp0100.eu-central-1.ea.com,3.123.149.171,,prod
