eu1nhl19prapp-01.bio-dub.ea.com,10.74.235.141,159.153.63.13,prod
eu1nhl19prapp-02.bio-dub.ea.com,10.74.235.139,159.153.63.11,prod
eu1nhl19prapp-03.bio-dub.ea.com,10.74.235.145,159.153.63.17,prod
eu1nhl19prapp-04.bio-dub.ea.com,10.74.235.143,159.153.63.15,prod
eu1nhl19prapp-05.bio-dub.ea.com,10.74.235.144,159.153.63.16,prod
eu1nhl19prapp-06.bio-dub.ea.com,10.74.235.135,159.153.63.7,prod
eu1nhl19prapp-07.bio-dub.ea.com,10.74.235.136,159.153.63.8,prod
eu1nhl19prapp-08.bio-dub.ea.com,10.74.235.148,159.153.63.20,prod
eu1nhl19prapp-09.bio-dub.ea.com,10.74.235.138,159.153.63.10,prod
eu1nhl19prapp-10.bio-dub.ea.com,10.74.235.147,159.153.63.19,prod
eu1nhl19prapp-11.bio-dub.ea.com,10.74.235.146,159.153.63.18,prod
eu1nhl19prapp-12.bio-dub.ea.com,10.74.235.137,159.153.63.9,prod
eu1nhl19prapp-13.bio-dub.ea.com,10.74.235.149,159.153.63.21,prod
eu1nhl19prapp-14.bio-dub.ea.com,10.74.235.140,159.153.63.12,prod
eu1nhl19prapp-15.bio-dub.ea.com,10.74.235.142,159.153.63.14,prod
eu1nhl19prapp-16.bio-dub.ea.com,10.74.235.134,159.153.63.6,prod
