M20prod-mut-bm-06.iad1.infery.com,10.76.120.32,prod
M20prod-mut-bm-07.iad1.infery.com,10.76.120.30,prod
M20prod-mut-bm-08.iad1.infery.com,10.76.120.29,prod
M20prod-cfm-bm-07.iad1.infery.com,10.76.120.17,prod
M20prod-cfm-bm-08.iad1.infery.com,10.76.120.21,prod
M20prod-cfm-bm-09.iad1.infery.com,10.76.120.15,prod
M20prod-cfm-bm-10.iad1.infery.com,10.76.120.12,prod
M20prod-cfm-bm-11.iad1.infery.com,10.76.120.13,prod
M20prod-cfm-bm-12.iad1.infery.com,10.76.120.22,prod
m20prod-master-bm-03.iad1.infery.com,10.76.120.38,prod
m20prod-cfm-bm-13.iad1.infery.com,10.76.120.23,prod
m20prod-cfm-bm-14.iad1.infery.com,10.76.120.24,prod
m20prod-cfm-bm-15.iad1.infery.com,10.76.120.18,prod
m20prod-cfm-bm-16.iad1.infery.com,10.76.120.19,prod
