nbal0007.bio-iad.ea.com,10.72.168.208,159.153.95.207,prod
nbal0008.bio-iad.ea.com,10.72.168.209,159.153.95.209,prod
nbal0009.bio-iad.ea.com,10.72.168.210,159.153.95.208,prod
nbal0010.bio-iad.ea.com,10.72.168.211,159.153.95.210,prod
nbal0011.bio-iad.ea.com,10.72.168.212,159.153.95.211,prod
nbal0012.bio-iad.ea.com,10.72.168.231,159.153.95.212,prod
nbal0014.bio-iad.ea.com,10.72.168.232,159.153.95.213,prod
nbal0052.bio-iad.ea.com,10.72.168.49,159.153.95.49,prod
nbal0053.bio-iad.ea.com,10.72.168.53,159.153.95.53,prod
nbal0054.bio-iad.ea.com,10.72.168.55,159.153.95.55,prod
nbal0055.bio-iad.ea.com,10.72.168.81,159.153.95.58,prod
nbal0056.bio-iad.ea.com,10.72.168.56,159.153.95.56,prod
nbal0057.bio-iad.ea.com,10.72.168.82,159.153.95.59,prod
nbal0104.bio-iad.ea.com,10.72.168.225,159.153.95.227,prod
nbal0105.bio-iad.ea.com,10.72.168.226,159.153.95.228,prod
nbal0108.bio-iad.ea.com,10.72.168.227,159.153.95.229,prod
nbal0111.bio-iad.ea.com,10.72.168.228,159.153.95.230,prod
nbal0129.bio-iad.ea.com,10.72.168.233,159.153.95.214,prod
nbal0130.bio-iad.ea.com,10.72.168.234,159.153.95.235,prod
nbal0131.bio-iad.ea.com,10.72.168.235,159.153.95.236,prod
nbal0132.bio-iad.ea.com,10.72.168.236,159.153.95.237,prod
nbal0133.bio-iad.ea.com,10.72.168.237,159.153.95.238,prod
nbal0134.bio-iad.ea.com,10.72.168.238,159.153.95.239,prod
nbal0135.bio-iad.ea.com,10.72.168.239,159.153.95.240,prod
nbal0136.bio-iad.ea.com,10.72.168.240,159.153.95.241,prod
nbal0137.bio-iad.ea.com,10.72.168.241,159.153.95.242,prod
nbal0138.bio-iad.ea.com,10.72.168.242,159.153.95.243,prod
nbal0139.bio-iad.ea.com,10.72.168.243,159.153.95.244,prod
nbal0140.bio-iad.ea.com,10.72.168.244,159.153.95.245,prod
nbal0141.bio-iad.ea.com,10.72.168.245,159.153.95.246,prod
nbal0142.bio-iad.ea.com,10.72.168.246,159.153.95.247,prod
nbal0143.bio-iad.ea.com,10.72.168.247,159.153.95.248,prod
nbal0144.bio-iad.ea.com,10.72.168.248,159.153.95.249,prod
nbal0145.bio-iad.ea.com,10.72.168.249,159.153.95.250,prod
nbal0146.bio-iad.ea.com,10.72.168.250,159.153.95.251,prod
nbal0147.bio-iad.ea.com,10.72.168.251,159.153.95.252,prod
nbal0148.bio-iad.ea.com,10.72.168.252,159.153.95.253,prod
nbal0149.bio-iad.ea.com,10.72.168.253,159.153.95.254,prod
nbal0190.bio-iad.ea.com,10.72.168.11,159.153.95.39,prod
nbal0191.bio-iad.ea.com,10.72.168.15,159.153.95.50,prod
nbal0192.bio-iad.ea.com,10.72.168.35,159.153.95.51,prod
nbal0193.bio-iad.ea.com,10.72.168.36,159.153.95.57,prod
nbal0194.bio-iad.ea.com,10.72.168.39,159.153.95.100,prod
nbal0195.bio-iad.ea.com,10.72.168.50,159.153.95.101,prod
nbal0196.bio-iad.ea.com,10.72.168.51,159.153.95.102,prod
nbal0197.bio-iad.ea.com,10.72.168.72,159.153.95.103,prod
nbal0198.bio-iad.ea.com,10.72.168.74,159.153.95.104,prod
nbal0199.bio-iad.ea.com,10.72.168.75,159.153.95.105,prod
nbal0200.bio-iad.ea.com,10.72.168.76,159.153.95.106,prod
nbal0201.bio-iad.ea.com,10.72.168.77,159.153.95.107,prod
nbal0156.bio-sjc.ea.com,10.73.168.118,159.153.126.146,prod
nbal0157.bio-sjc.ea.com,10.73.168.119,159.153.126.147,prod
nbal0158.bio-sjc.ea.com,10.73.168.120,159.153.126.148,prod
nbal0159.bio-sjc.ea.com,10.73.168.121,159.153.126.149,prod
nbal0160.bio-sjc.ea.com,10.73.168.122,159.153.126.150,prod
nbal0161.bio-sjc.ea.com,10.73.168.123,159.153.126.161,prod
nbal0162.bio-sjc.ea.com,10.73.168.124,159.153.126.162,prod
nbal0163.bio-sjc.ea.com,10.73.168.135,159.153.126.163,prod
nbal0164.bio-sjc.ea.com,10.73.168.136,159.153.126.165,prod
nbal0165.bio-sjc.ea.com,10.73.168.137,159.153.126.164,prod
nbal0058.bio-sjc.ea.com,10.73.168.24,159.153.126.37,prod
nbal0059.bio-sjc.ea.com,10.73.168.27,159.153.126.40,prod
nbal0060.bio-sjc.ea.com,10.73.168.28,159.153.126.41,prod
nbal0061.bio-sjc.ea.com,10.73.168.50,159.153.126.42,prod
nbal0102.bio-sjc.ea.com,10.73.168.151,159.153.126.157,prod
nbal0106.bio-sjc.ea.com,10.73.168.152,159.153.126.158,prod
nbal0049.bio-dub.ea.com,10.74.168.32,159.153.76.38,prod
nbal0050.bio-dub.ea.com,10.74.168.38,159.153.76.39,prod
nbal0051.bio-dub.ea.com,10.74.168.39,159.153.76.40,prod
nbal0103.bio-dub.ea.com,10.74.168.147,159.153.76.152,prod
nbal0152.bio-dub.ea.com,10.74.168.54,159.153.76.54,prod
nbal0153.bio-dub.ea.com,10.74.168.56,159.153.76.56,prod
nbal0154.bio-dub.ea.com,10.74.168.57,159.153.76.57,prod
nbal0155.bio-dub.ea.com,10.74.168.58,159.153.76.58,prod
