nhll0017.bio-dub.ea.com,10.74.236.7,159.153.63.39,test
nhll0018.bio-dub.ea.com,10.74.236.8,159.153.63.40,test
nhll0025.bio-dub.ea.com,10.74.236.9,159.153.63.41,test
nhll0026.bio-dub.ea.com,10.74.236.10,159.153.63.42,test
nhll0027.bio-dub.ea.com,10.74.236.11,159.153.63.43,test
nhll0028.bio-dub.ea.com,10.74.236.12,159.153.63.44,test
nhll0029.bio-dub.ea.com,10.74.236.13,159.153.63.45,test
nhll0030.bio-dub.ea.com,10.74.236.14,159.153.63.46,test
nhll0031.bio-dub.ea.com,10.74.236.15,159.153.63.47,test
nhll0032.bio-dub.ea.com,10.74.236.16,159.153.63.48,test
nhll0033.bio-dub.ea.com,10.74.236.17,159.153.63.49,test
nhll0034.bio-dub.ea.com,10.74.236.18,159.153.63.50,test
